id,user,age,rating,label
15735549,Juwairiah Juwairiah,58,1,0
15809347,Sabyan Keisha,45,1,0
15660866,Teno Tee,35,1,0
15766609,Nana nae,36,1,0
15654230,Nurul Hamidah,55,1,0
15794566,Muhammad Barcha,35,1,0
15800890,Nur Rofa'ah,48,1,0
15697424,Ramses Pandapotan,42,1,0
15724536,Login Ml woi,40,1,0
15735878,Andika Pratama,37,1,0
15707596,Pela Yuliana,47,1,0
15657163,Muhamad Yogi,40,1,0
15622478,Love Yourself,43,1,0
15779529,Endang Rosiana,59,1,0
15636023,sofiyan nugroho,60,1,0
15582066,Irsak Sidik,39,1,0
15666675,Sarip Arip,57,1,0
15732987,sabrang layun,57,1,0
15789432,Bee Vip,38,1,0
15663161,Sansan Minisuka,49,1,0
15694879,Yuli Yulhanis,52,1,0
15593715,Hail Hanif,50,1,0
15575002,Alonk Khan,59,1,0
15622171,Aida Fitria S,35,1,0
15795224,Virna Firgina,37,1,0
15685346,Ridho Pandya,52,1,0
15691808,Dinda Revalina,48,1,0
15721007,As Fi,37,1,0
15794253,indah davinsta,37,1,0
15694453,Putri Amalia Hafsari,48,1,0
15813113,Muhammad Adam,41,1,0
15614187,Renaldy Jumadi,37,1,0
15619407,Josua Sihombing,39,1,0
15646227,Vivo Rosida,49,1,0
15660541,Zakiyah Fithri Al-hanifah,55,1,0
15753874,KasK Asnandra,37,1,0
15617877,ahmad zakiyamani mulya,35,1,0
15772073,Asnafa Dinda,36,1,0
15701537,Muhamad Nizar,42,1,0
15736228,BSN Channel,43,1,0
15780572,Tyas Juniant,45,1,0
15769596,Asaputra,46,1,0
15586996,M. Raffa Azka Putra,58,1,0
15722061,Kevin Riadi,48,1,0
15638003,Rintania Sheva,37,1,0
15775590,Sahkila Akifa,37,1,0
15730688,Dharma Iyup,40,1,0
15753102,Arien Kim,42,1,0
15810075,Ryanne Stefani,51,1,0
15723373,Nana wiharna,47,1,0
15795298,Haji Ape,36,1,0
15584320,Arin lutfiah,38,1,0
15724161,Hape Dikasih,42,1,0
15750056,Sri Sri,39,1,0
15609637,Sofi Nida,38,1,0
15794493,Pengguna Google,49,1,0
15569641,Haqi,39,1,0
15815236,Rafif Maula Fajri,39,1,0
15811177,jefry syahfutra,54,1,0
15680587,Iyank Chan,35,1,0
15672821,Shella Olalaa,45,1,0
15767681,Romadhona Choirun nisa,36,1,0
15600379,putri att,52,1,0
15801336,Abu Hasan,53,1,0
15721592,Ayu fatimah,41,1,0
15581282,Yusuf Muhammad,48,1,0
15746203,Yuliana Febrian,48,1,0
15583137,Daniel Richard Setiawan,41,1,0
15680752,Mesa Gainswara,41,1,0
15688172,Wulan Tuban,42,1,0
15791373,17 Hafiz Adi Nugroho,36,1,0
15589449,Adi Agung Sedayu,47,1,0
15692819,Chau Han,38,1,0
15727467,Ivan G Gumilar,48,1,0
15734312,fitri hida,42,2,0
15764604,Febrina Amelia,40,2,0
15613014,Nia Widia,57,2,0
15759684,Vivi Puspita,36,2,0
15609669,Nisa Nisa,58,2,0
15685536,Tety Patimah,35,2,0
15750447,Mira Yolanda,38,2,0
15663249,Naomi Chan,39,2,0
15638646,Anera Silvia,53,2,0
15734161,Dika Muhamad,35,2,0
15631070,Nur Jannah,38,2,0
15761950,Mureni Darti,47,2,0
15649668,Zakya Alya,47,2,0
15713912,Steffani Agustin,41,2,0
15586757,Duta gaming,53,2,0
15596522,Angelina cantika,54,2,0
15625395,Abdul Bondol,39,2,0
15760570,ANDHIKA NUGRAHA OFFICIAL,38,2,0
15566689,Dunia Sucia,38,2,0
15725794,Arliansyah imam Saputra,37,2,0
15673539,Liliss Aulia,42,2,0
15705298,retno yuniarti,37,2,0
15675791,Metty Herida,36,2,0
15747043,Egi Riski,60,2,0
15736397,Hani Riza,54,2,0
15678201,Seri Yani,41,2,0
15720745,Senieliyandra Senny,40,2,0
15637593,Ryhan Fajar,42,2,0
15598070,Hendrik Irawan,43,2,0
15787550,Enisulis tyowati,53,2,0
15603942,Sala Siah,47,2,0
15733973,Rohati Ningsih,42,2,0
15596761,Arielia Zahwa,42,2,0
15652400,Hasni albila,59,2,0
15717893,Mamay Mamay,58,2,0
15622585,Suragih Channel,46,2,0
15733964,Dhirga Darmawan,38,2,0
15753861,erah,54,2,0
15747097,Ririn W.Liani,60,2,0
15594762,Pejuang Hikmah,60,2,0
15667417,Adilah nadiyani,39,2,0
15684861,Gilang Ardhi S,59,2,0
15742204,Fitri Uzy,37,2,0
15623502,Arsyla Maulidyah,46,2,0
15774872,Bejo Amat,46,2,0
15611191,Rada Hakiki,42,2,0
15674331,Juvita Aulia Lestari,41,2,0
15619465,22_neva tiodora putri,58,2,0
15575247,Alfi Defront,42,2,0
15695679,Safitri _20,48,2,0
15713463,The Merlin Official Store,44,2,0
15785170,Zamara Muslim Diyatama,49,2,0
15796351,Setiadi Surya,57,2,0
15639576,Lepina Simamora,56,2,0
15693264,Rizky Alamsyah,49,2,0
15589715,Ryan Vm Gozel,39,2,0
15769902,Riya Oppo,47,2,0
15587177,Abdul Malik,48,2,0
15814553,Siti Mukrimatun N,48,2,0
15601550,hrp shop,47,2,0
15664907,the color of life by AM,45,2,0
15612465,Teddy Ken,60,2,0
15810800,Encem Muly vlog,39,2,0
15665760,Maura Welvia,46,2,0
15588080,Rina rina,51,2,0
15776844,Andi Rizaldy,50,2,0
15717560,hepni sriwahyuni,36,2,0
15629739,ramdana ersa,49,2,0
15729908,Febry Dedi Saputro,19,2,0
15716781,Andreas Kurniawan,35,2,0
15646936,Wijayanti02 Mamik,26,2,0
15768151,Eva Yulianti,27,2,0
15579212,Sarifudin Arip,19,2,0
15721835,the endoe,27,2,0
15800515,Zakia Khairani,27,2,0
15591279,Midah Midah,32,2,0
15587419,Meli Yanti,25,2,0
15750335,Zul Pazli,35,2,0
15699619,Abdullah Safii,26,2,0
15606472,Bella Syafira,26,2,0
15778368,Agus Sptr,20,2,0
15671387,Mahfudin Ade Nugroho,32,2,0
15573926,H Mustofa,18,2,0
15709183,Purbo wati,29,2,0
15577514,Sutrisno,47,2,0
15778830,Hadi nunuprnma,45,2,0
15768072,Putri Annisa,46,2,0
15768293,Erick Andre,48,2,0
15654456,Umi nur Fadhila,45,2,0
15807525,Nisa Presley,47,2,0
15574372,Sidiq Gugrik,48,2,0
15671249,M Rian Darmawan,45,2,0
15779744,dogcry01 ::,46,2,0
15624755,Dewi Intan,47,2,0
15611430,Fajar Setiawan,49,2,0
15774744,dewi putri,47,2,0
15629885,farida habibi,29,2,0
15708791,Green Kriswoyolesin,31,2,0
15793890,Bahrudin Rohmat,31,2,0
15646091,fitria afina,27,2,0
15596984,Jaelani 1,21,2,0
15800215,Adi Setiawan,28,2,0
15577806,Andi Syaputra,27,2,0
15749381,mila mil,35,2,0
15683758,Athing 19,33,2,0
15670615,Alief Custommy,30,2,0
15715622,mujibur rohim,26,2,0
15707634,Monika Setianingsih,27,2,0
15806901,Rita Sevhian,27,2,0
15775335,Khairunia Gustina,33,2,0
15724150,endri sasiana,35,2,0
15627220,Jambi 2020,30,2,0
15672330,Pengguna Google,28,2,0
15668521,Pasya Vlog,23,2,0
15807837,Abdul Solihin,25,2,0
15592570,erviani ernita,27,2,0
15748589,diah ari wardani,30,2,0
15635893,Mini Wanto,31,2,0
15757632,Voni Marcelina,24,2,0
15691863,Piyan Iyan,18,2,0
15706071,cila cilut,29,2,0
15654296,Sarintan 8 C,35,2,0
15755018,Aura muthia,27,2,0
15594041,Riswal Setiadi,24,2,0
15624510,kintan,23,2,0
15810944,Desi Kusumawati,28,2,0
15668575,Nata Niela,22,2,0
15603246,Aep Witanto,32,2,0
15804002,syamsudin sh,27,2,0
15728773,Kiki Kiki,25,2,0
15598044,Laila Musrifah,23,2,0
15694829,Durrotul Magfiroh,32,2,0
15600575,Dhesty Monalissa17,59,2,0
15727311,Dita Puspita,24,2,0
15570769,Vionix Can,24,2,0
15606274,nurul aini,23,2,0
15746139,LABIL PRO,22,2,0
15704987,Olshop Sri Wahyuni,31,2,0
15628972,Zhafira Nabhan,25,2,0
15697686,Herlina Ziee,24,2,0
15733883,della ssi,20,2,0
15617482,Christyan Ferdian,33,2,0
15704583,Amri Sutopo,32,2,0
15621083,Ayip RHMN,34,2,0
15649487,Yudi Bimantaka,18,2,0
15736760,Friska Maduri,22,2,0
15714658,Assyifa Sholihah,28,2,0
15599081,Hosea Noky,26,2,0
15705113,Anggara,30,2,0
15631159,Indra Danboo,39,2,0
15792818,Imam Suyudi,20,2,0
15633531,Anip Aja,35,2,0
15744529,Ook Panca,30,2,0
15669656,ruri widiastuti,31,2,0
15581198,Ali Imron,24,4,1
15729054,Mauiza Alifia,28,4,1
15573452,syifa ghea,26,4,1
15776733,Roma Dona,35,4,1
15724858,Dhanang Prasisto,22,4,1
15713144,Selvia S.,30,4,1
15690188,Miftahul Barzsali,26,4,1
15689425,Moh Nuruddin,29,4,1
15671766,Michelle Brenda,29,4,1
15782806,Kiki Puspus,35,4,1
15764419,Has Has,35,4,1
15591915,Muhammad Zainurrahman,28,4,1
15772798,FERMETAN JAYA,35,4,1
15792008,Farul El Qodiriyah,28,4,1
15715541,Arni Yuliyani,27,4,1
15639277,Ahmad Risady,28,4,1
15798850,Pengguna Google,32,4,1
15776348,odell kim,33,4,1
15727696,Maya Rokhanah,19,4,1
15793813,Andini Putri,21,4,1
15694395,Irfan,26,4,1
15764195,Nurul F,27,4,1
15744919,Anang effendy,26,4,1
15671655,M_FUAD ANSORI,38,4,1
15654901,satria gaming gamers,39,4,1
15649136,Alya Zahra Rahmatika,37,4,1
15775562,Novarian Tandi,38,4,1
15807481,Ahmad Suhri,37,4,1
15642885,Dion Asri Ramadhan,42,4,1
15789109,Chaerakim,40,4,1
15814004,Bungataliamukti Maharani,35,4,1
15673619,mohamad subur,36,4,1
15595135,iel Vivo,40,4,1
15583681,E M,41,4,1
15605000,Syifa Aulia,36,4,1
15718071,Serlin Setyanti,37,4,1
15679760,Fitri Ani,40,4,1
15654574,Mochammad Yanuar,35,4,1
15577178,Kholisoh Cahyani,41,4,1
15595324,Shaqilla Mine,39,4,1
15756932,Evana Ferawati,42,4,1
15726358,Fionna Maharani,26,4,1
15595228,Kalbu Pandu01,30,4,1
15782530,Aminah Arba'i,26,4,1
15592877,Pipih Cahyani,31,4,1
15651983,Misiati New,33,4,1
15746737,Latif Nur Hidayat,30,4,1
15774179,Sea Davichi,21,4,1
15667265,Agus Dinanjar,28,4,1
15655123,Berliana Jasmine,23,4,1
15595917,Sisca Aprila,20,4,1
15668385,Natashi Nishizumi,30,4,1
15709476,Wely Ndra,28,4,1
15711218,Putu Astidjanti,19,4,1
15798659,Arsyad Gemers,19,4,1
15663939,Ari Azhari,18,4,1
15694946,ibnu tri,35,4,1
15631912,Anox Maatita,30,4,1
15768816,Shelva Indawan,34,4,1
15682268,Dewi Sirait,24,4,1
15684801,Nilam Pesek,27,4,1
15636428,Pratia Janiarsi,41,4,1
15809823,Alex Lawtanius,29,4,1
15699284,Syiefa Prima Rs,20,4,1
15786993,Pengguna Google,26,4,1
15709441,Kinanti 1230,41,4,1
15710257,Mega Sisca,31,4,1
15582492,Brigita Cindy Sintia,36,4,1
15575694,Tiara Octavia Rahayu,40,4,1
15756820,Nazwa Husna Adira,31,4,1
15766289,erni 347,46,4,1
15593014,Natalia Damanik,29,4,1
15584545,Ridwan iwan Mukti,26,4,1
15675949,Muhammad Jeri Aprianto,32,4,1
15672091,Marina Arkananta,32,4,1
15801658,Elin Herlina,25,4,1
15706185,Komar Udin,37,4,1
15789863,Ruth Natalia17,35,4,1
15720943,Nesya Ayu Aulia,33,4,1
15697997,Hidayat Luqman,18,4,1
15665416,Yogia Drajat Manda Putra,22,4,1
15660200,Lia Den Siko,35,4,1
15619653,halwah dzal khumairah,29,4,1
15773447,Muhamad Lutpi,29,4,1
15739160,Ferdiansyah Bae,21,4,1
15689237,banjarbanar banjar,34,4,1
15679297,Sigit Elecktro,26,4,1
15591433,Sapti Iyah,34,4,1
15642725,Nurur Ramdhani,34,4,1
15701962,aqilla cipluk,23,4,1
15811613,Meganszt 10,35,4,1
15741049,Clara Heta,25,4,1
15724423,Rahma Aulia,24,4,1
15574305,Abah a2k,31,4,1
15678168,MauL FQ,26,4,1
15697020,Hadery Movie,31,4,1
15610801,Yusuf ManUtd,32,4,1
15745232,Gass Jose,33,4,1
15722758,kenzhu ryumi,33,4,1
15792102,Difa Kayla Maulidah,31,4,1
15675185,Putra Sandi,20,4,1
15801247,29-Meisya Vegy Luna,33,4,1
15725660,Heru Setyawan,35,4,1
15638963,Dede Yulia,28,4,1
15800061,Farichah Aryuni,24,4,1
15578006,Rany Tarwiyah,19,4,1
15668504,Deassy Wulanndary,29,4,1
15687491,Ahmd Nira,19,4,1
15610403,Wasiah Mustakim,28,4,1
15741094,Vitria Yuli,34,4,1
15807909,Megawati Adilah,30,5,1
15666141,tutik 777,20,5,1
15617134,TW woru,26,5,1
15783029,rizki akbari madina Kinong,35,5,1
15622833,fibri aurelia,35,5,1
15746422,Mahathir Miza,49,5,1
15750839,Shanty Virta,39,5,1
15749130,yusuf dihanto,41,5,1
15779862,Satria Lsundry,58,5,1
15767871,TESAU ENTERTAIMENS,47,5,1
15679651,Amanda Safitri,55,5,1
15576219,Anik Fitriani,52,5,1
15699247,M Kholid,40,5,1
15619087,PAngeran Wistara,46,5,1
15605327,Sawati Waty,48,5,1
15610140,Nining Supriatin,52,5,1
15791174,Ranti Syapriani,59,5,1
15602373,RIZKA AYU LIANJANI,35,5,1
15762605,Eldo Motovlog Rider,47,5,1
15598840,Andre Putra,60,5,1
15744279,Tini,49,5,1
15670619,Sikinn Asikin,40,5,1
15599533,susanty anty,46,5,1
15757837,Lina Herlina,59,5,1
15697574,Nur Nengsih,41,5,1
15578738,Muhammad Anwas,35,5,1
15762228,Dina Triana,37,5,1
15614827,Wong Sugi,60,5,1
15789815,Anggun Devita dewi,35,5,1
15579781,Gigin Muizull,37,5,1
15587013,Pengguna Google,36,5,1
15570932,RISKI PRATAMA,56,5,1
15794661,samrotul jannah,40,5,1
15581654,Rafaela Maria Felicia Runkat,42,5,1
15644296,Abel Joshua,35,5,1
15614420,Tiara Ramdiani,39,5,1
15609653,Nlp nani Yulianti,40,5,1
15594577,I Wayan Dika Cahyana,49,5,1
15584114,Winanda Chandra,38,5,1
15673367,Hendry Ticoalu,46,5,1
15685576,yusi yusmiati,40,5,1
15774727,Dami Dudi,37,5,1
15694288,Echa Tianmi,46,5,1
15603319,Dwi Rachmawati,53,5,1
15759066,Jessica Pathrine,42,5,1
15814816,JF channel Muhammad Jafar A,38,5,1
15724402,Dana Achmad,50,5,1
15571059,Ngah Iwan,56,5,1
15674206,Anang Risdianto,41,5,1
15715160,Bunda REALIFA,51,5,1
15730448,Rahmat Mulyadi,35,5,1
15662067,Itsme Nureujanna,57,5,1
15779581,Armon Gaes,41,5,1
15662901,Debri Tandiama,35,5,1
15689751,Jeon Jaera,44,5,1
15667742,Shintia Larasati,37,5,1
15738448,soni priyanto,48,5,1
15680243,RIMA TIA AUDINA,37,5,1
15745083,Yudha Pahlevi,50,5,1
15708228,Yunita Srz,52,5,1
15628523,Nurbaeti Susanti,41,5,1
15708196,Firman Wijaya,40,5,1
,,,,
,,,,
,,,,
,,,,
,,,,
,,,,
,,,,
,,,,
,,,,
,,,,
,,,,
,,,,
,,,,
,,,,
,,,,
,,,,
,,,,
,,,,
,,,,
,,,,
,,,,
,,,,
,,,,
,,,,
,,,,
,,,,
,,,,
,,,,
,,,,
,,,,
,,,,
,,,,
,,,,
,,,,
,,,,
,,,,
,,,,
,,,,
,,,,
,,,,
,,,,
,,,,
,,,,
,,,,
,,,,
,,,,
,,,,
,,,,
,,,,
,,,,
,,,,
,,,,
,,,,
,,,,
,,,,
,,,,
,,,,
,,,,
,,,,
,,,,
,,,,
,,,,
,,,,
,,,,
,,,,
,,,,
,,,,
,,,,
,,,,
,,,,
,,,,
,,,,
,,,,
,,,,
,,,,
,,,,
,,,,
,,,,
,,,,
,,,,
,,,,
,,,,
,,,,
,,,,
,,,,
,,,,
,,,,
,,,,
,,,,
,,,,
,,,,
,,,,
,,,,
,,,,
,,,,
,,,,
,,,,
,,,,
,,,,
,,,,
,,,,
,,,,
,,,,
,,,,
,,,,
,,,,
,,,,
,,,,
,,,,
,,,,
,,,,
,,,,
,,,,
,,,,
,,,,
,,,,
,,,,
,,,,
,,,,
,,,,
,,,,
,,,,
,,,,
,,,,
,,,,
,,,,
,,,,
,,,,
,,,,
,,,,
,,,,
,,,,
,,,,
,,,,
,,,,
,,,,
,,,,
,,,,
,,,,
,,,,
,,,,
,,,,
,,,,
,,,,
,,,,
,,,,
,,,,
,,,,
,,,,
,,,,
,,,,
,,,,
,,,,
,,,,
,,,,
,,,,
,,,,
,,,,
,,,,
,,,,
,,,,
,,,,
,,,,
,,,,
,,,,
,,,,
,,,,
,,,,
,,,,
,,,,
,,,,
,,,,
,,,,
,,,,
,,,,
,,,,
,,,,
,,,,
,,,,
,,,,
,,,,
,,,,
,,,,
,,,,
,,,,
,,,,
,,,,
,,,,
,,,,
,,,,
,,,,
,,,,
,,,,
,,,,
,,,,
,,,,
,,,,
,,,,
,,,,
,,,,
,,,,
,,,,
,,,,
,,,,
,,,,
,,,,
,,,,
,,,,
,,,,
,,,,
,,,,
,,,,
,,,,
,,,,
,,,,
,,,,
,,,,
,,,,
,,,,
,,,,
,,,,
,,,,
,,,,
,,,,
,,,,
,,,,
,,,,
,,,,
,,,,
,,,,
,,,,
,,,,
,,,,
,,,,
,,,,
,,,,
,,,,
,,,,
,,,,
,,,,
,,,,
,,,,
,,,,
,,,,
,,,,
,,,,
,,,,
,,,,
,,,,
,,,,
,,,,
,,,,
,,,,
,,,,
,,,,
,,,,
,,,,
,,,,
,,,,
,,,,
,,,,
,,,,
,,,,
,,,,
,,,,
,,,,
,,,,
,,,,
,,,,
,,,,
,,,,
,,,,
,,,,
,,,,
,,,,
,,,,
,,,,
,,,,
,,,,
,,,,
,,,,
,,,,
,,,,
,,,,
,,,,
,,,,
,,,,
,,,,
,,,,
,,,,
,,,,
,,,,
,,,,
,,,,
,,,,
,,,,
,,,,
,,,,
,,,,
,,,,
,,,,
,,,,
,,,,
,,,,
,,,,
,,,,
,,,,
,,,,
,,,,
,,,,
,,,,
,,,,
,,,,
,,,,
,,,,
,,,,
,,,,
,,,,
,,,,
,,,,
,,,,
,,,,
,,,,
,,,,
,,,,
,,,,
,,,,
,,,,
,,,,
,,,,
,,,,
,,,,
,,,,
,,,,
,,,,
,,,,
,,,,
,,,,
,,,,
,,,,
,,,,
,,,,
,,,,
,,,,
,,,,
,,,,
,,,,
,,,,
,,,,
,,,,
,,,,
,,,,
,,,,
,,,,
,,,,
,,,,
,,,,
,,,,
,,,,
,,,,
,,,,
,,,,
,,,,
,,,,
,,,,
,,,,
,,,,
,,,,
,,,,
,,,,
,,,,
,,,,
,,,,
,,,,
,,,,
,,,,
,,,,
,,,,
,,,,
,,,,
,,,,
,,,,
,,,,
,,,,
,,,,
,,,,
,,,,
,,,,
,,,,
,,,,
,,,,
,,,,
,,,,
,,,,
,,,,
,,,,
,,,,
,,,,
,,,,
,,,,
,,,,
,,,,
,,,,
,,,,
,,,,
,,,,
,,,,
,,,,
,,,,
,,,,
,,,,
,,,,
,,,,
,,,,
,,,,
,,,,
,,,,
,,,,
,,,,
,,,,
,,,,
,,,,
,,,,
,,,,
,,,,
,,,,
,,,,
,,,,
,,,,
,,,,
,,,,
,,,,
,,,,
,,,,
,,,,
,,,,
,,,,
,,,,
,,,,
,,,,
,,,,
,,,,
,,,,
,,,,
,,,,
,,,,
,,,,
,,,,
,,,,
,,,,
,,,,
,,,,
,,,,
,,,,
,,,,
,,,,
,,,,
,,,,
,,,,
,,,,
,,,,
,,,,
,,,,
,,,,
,,,,
,,,,
,,,,
,,,,
,,,,
,,,,
,,,,
,,,,
,,,,
,,,,
,,,,
,,,,
,,,,
,,,,
,,,,
,,,,
,,,,
,,,,
,,,,
,,,,
,,,,
,,,,
,,,,
,,,,
,,,,
,,,,
,,,,
,,,,
,,,,
,,,,
,,,,
,,,,
,,,,
,,,,
,,,,
,,,,
,,,,
,,,,
,,,,
,,,,
,,,,
,,,,
,,,,
,,,,
,,,,
,,,,
,,,,
,,,,
,,,,
,,,,
,,,,
,,,,
,,,,
,,,,
,,,,
,,,,
,,,,
,,,,
,,,,
,,,,
,,,,
,,,,
,,,,
,,,,
,,,,
,,,,
,,,,
,,,,
,,,,
,,,,
,,,,
,,,,
,,,,
,,,,
,,,,
,,,,
,,,,
,,,,
,,,,
,,,,
,,,,
,,,,
,,,,
,,,,
,,,,
,,,,
,,,,
,,,,
,,,,
,,,,
,,,,
,,,,
,,,,
,,,,
,,,,
,,,,
,,,,
,,,,
,,,,
,,,,
,,,,
,,,,
,,,,
,,,,
,,,,
,,,,
,,,,
,,,,
,,,,
,,,,
,,,,
,,,,
,,,,
,,,,
,,,,
,,,,
,,,,
,,,,
,,,,
,,,,
,,,,
,,,,
,,,,
,,,,
,,,,
,,,,
,,,,
,,,,
,,,,
,,,,
,,,,
,,,,
,,,,
,,,,
,,,,
,,,,
,,,,
,,,,
,,,,
,,,,
,,,,
,,,,
,,,,
,,,,
,,,,
,,,,
,,,,
,,,,
,,,,
,,,,
,,,,
,,,,
,,,,
,,,,
,,,,
,,,,
,,,,
,,,,
,,,,
,,,,
,,,,
,,,,
,,,,
,,,,
,,,,
,,,,
,,,,
,,,,
,,,,
,,,,
,,,,
,,,,
,,,,
,,,,
,,,,
,,,,
,,,,
,,,,
,,,,
,,,,
,,,,
,,,,
,,,,
,,,,
,,,,
,,,,
,,,,
,,,,
,,,,
,,,,
,,,,
,,,,
,,,,
,,,,
,,,,
,,,,
,,,,
,,,,
,,,,
,,,,
,,,,
,,,,
,,,,
,,,,
,,,,
,,,,
,,,,
,,,,
,,,,
,,,,
,,,,
,,,,
,,,,
,,,,
,,,,
,,,,
,,,,
,,,,
,,,,
,,,,
,,,,
,,,,
,,,,
,,,,
,,,,
,,,,
,,,,
,,,,
,,,,
,,,,
,,,,
,,,,
,,,,
,,,,
,,,,
,,,,
,,,,
,,,,
,,,,
,,,,
,,,,
,,,,
,,,,
,,,,
,,,,
,,,,
,,,,
,,,,
,,,,
,,,,
,,,,
,,,,
,,,,
,,,,
,,,,
,,,,
,,,,
,,,,
,,,,
,,,,
,,,,
,,,,
,,,,
,,,,
,,,,
,,,,
,,,,
,,,,
,,,,
,,,,
,,,,
,,,,
,,,,
,,,,
,,,,
,,,,
,,,,
,,,,
,,,,
,,,,
,,,,
,,,,
,,,,
,,,,
,,,,
,,,,
,,,,
,,,,
,,,,
,,,,
,,,,
,,,,
,,,,
,,,,
,,,,
,,,,
,,,,
,,,,
,,,,
,,,,
,,,,
,,,,
,,,,
,,,,
,,,,
,,,,
,,,,
,,,,
,,,,
,,,,
,,,,
,,,,
,,,,
,,,,
,,,,
,,,,
,,,,
,,,,
,,,,
,,,,
,,,,
,,,,
,,,,
,,,,
,,,,
,,,,
,,,,
,,,,
,,,,
,,,,
,,,,
,,,,
,,,,
,,,,
,,,,
,,,,
,,,,
,,,,
,,,,
,,,,
,,,,
,,,,
,,,,
,,,,
,,,,
,,,,
,,,,
,,,,
,,,,
,,,,
,,,,
,,,,
,,,,
,,,,
,,,,
,,,,
,,,,
,,,,
,,,,
,,,,
,,,,
,,,,
,,,,
,,,,
,,,,
,,,,
,,,,
,,,,
,,,,
,,,,
,,,,
,,,,
,,,,
,,,,
,,,,
,,,,
,,,,
,,,,
,,,,
,,,,
,,,,
,,,,
,,,,
,,,,
,,,,
,,,,
,,,,
,,,,
,,,,
,,,,
,,,,
,,,,
,,,,
,,,,
,,,,
,,,,
,,,,
,,,,
,,,,
,,,,
,,,,
,,,,
,,,,
,,,,
,,,,
,,,,
,,,,
,,,,
,,,,
,,,,
,,,,
,,,,
,,,,
,,,,
,,,,
,,,,
,,,,
,,,,
,,,,
,,,,
,,,,
,,,,
,,,,
,,,,
,,,,
,,,,
,,,,
,,,,
,,,,
,,,,
,,,,
,,,,
,,,,
,,,,
,,,,
,,,,
,,,,
,,,,
,,,,
,,,,
,,,,
,,,,
,,,,
,,,,
,,,,
,,,,
,,,,
,,,,
,,,,
,,,,
,,,,
,,,,
,,,,
,,,,
,,,,
,,,,
,,,,
,,,,
,,,,
,,,,
,,,,
,,,,
,,,,
,,,,
,,,,
,,,,
,,,,
,,,,
,,,,
,,,,
,,,,
,,,,
,,,,
,,,,
,,,,
,,,,
,,,,
,,,,
,,,,
,,,,
,,,,
,,,,
,,,,
,,,,
,,,,
,,,,
,,,,
,,,,
,,,,
,,,,
,,,,
,,,,
,,,,
,,,,
,,,,
,,,,
,,,,
,,,,
,,,,
,,,,
,,,,
,,,,
,,,,
,,,,
,,,,
,,,,
,,,,
,,,,
,,,,
,,,,
,,,,
,,,,
,,,,
,,,,
,,,,
,,,,
,,,,
,,,,
,,,,
,,,,
,,,,
,,,,
,,,,
,,,,
,,,,
,,,,
,,,,
,,,,
,,,,
,,,,
,,,,
,,,,
,,,,
,,,,
,,,,
,,,,
,,,,
,,,,
,,,,
,,,,
,,,,
,,,,
,,,,
,,,,
,,,,
,,,,
,,,,
,,,,
,,,,
,,,,
,,,,
,,,,
,,,,
,,,,
,,,,
,,,,
,,,,
,,,,
,,,,
,,,,
,,,,
,,,,
,,,,
,,,,
,,,,
,,,,
,,,,
,,,,
,,,,
,,,,
,,,,
,,,,
,,,,
,,,,
,,,,
,,,,
,,,,
,,,,
,,,,
,,,,
,,,,
,,,,
,,,,
,,,,
,,,,
,,,,
,,,,
,,,,
,,,,
,,,,
,,,,
,,,,
,,,,
,,,,
,,,,
,,,,
,,,,
,,,,
,,,,
,,,,
,,,,
,,,,
,,,,
,,,,
,,,,
,,,,
,,,,
,,,,
,,,,
,,,,
,,,,
,,,,
,,,,
,,,,
,,,,
,,,,
,,,,
,,,,
,,,,
,,,,
,,,,
,,,,
,,,,
,,,,
,,,,
,,,,
,,,,
,,,,
,,,,
,,,,
,,,,
,,,,
,,,,
,,,,
,,,,
,,,,
,,,,
,,,,
,,,,
,,,,
,,,,
,,,,
,,,,
,,,,
,,,,
,,,,
,,,,
,,,,
,,,,
,,,,
,,,,
,,,,
,,,,
,,,,
,,,,
,,,,
,,,,
,,,,
,,,,
,,,,
,,,,
,,,,
,,,,
,,,,
,,,,
,,,,
,,,,
,,,,
,,,,
,,,,
,,,,
,,,,
,,,,
,,,,
,,,,
,,,,
,,,,
,,,,
,,,,
,,,,
,,,,
,,,,
,,,,
,,,,
,,,,
,,,,
,,,,
,,,,
,,,,
,,,,
,,,,
,,,,
,,,,
,,,,
,,,,
,,,,
,,,,
,,,,
,,,,
,,,,
,,,,
,,,,
,,,,
,,,,
,,,,
,,,,
,,,,
,,,,
,,,,
,,,,
,,,,
,,,,
,,,,
,,,,
,,,,
,,,,
,,,,
,,,,
,,,,
,,,,
,,,,
,,,,
,,,,
,,,,
,,,,
,,,,
,,,,
,,,,
,,,,
,,,,
,,,,
,,,,
,,,,
,,,,
,,,,
,,,,
,,,,
,,,,
,,,,
,,,,
,,,,
,,,,
,,,,
,,,,
,,,,
,,,,
,,,,
,,,,
,,,,
,,,,
,,,,
,,,,
,,,,
,,,,
,,,,
,,,,
,,,,
,,,,
,,,,
,,,,
,,,,
,,,,
,,,,
,,,,
,,,,
,,,,
,,,,
,,,,
,,,,
,,,,
,,,,
,,,,
,,,,
,,,,
,,,,
,,,,
,,,,
,,,,
,,,,
,,,,
,,,,
,,,,
,,,,
,,,,
,,,,
,,,,
,,,,
,,,,
,,,,
,,,,
,,,,
,,,,
,,,,
,,,,
,,,,
,,,,
,,,,
,,,,
,,,,
,,,,
,,,,
,,,,
,,,,
,,,,
,,,,
,,,,
,,,,
,,,,
,,,,
,,,,
,,,,
,,,,
,,,,
,,,,
,,,,
,,,,
,,,,
,,,,
,,,,
,,,,
,,,,
,,,,
,,,,
,,,,
,,,,
,Magfira Suhardiman,5,positif,
,sulistiana venus,5,positif,
,Angel Agelika,5,positif,
,Erleis Safitri,5,positif,
,Indah Surianingrum,5,positif,
,Ilham AMD,5,positif,
,HIANI RUSLIM,5,positif,
,Yahi Rudin,5,positif,
,Moza Shafa,5,positif,
,Siti Sabria lamusa,5,positif,
,Anhar One heart,5,positif,
,Sri Muliawan,5,positif,
,Sami'in,5,positif,
,Ely Trisnawati,5,positif,
,Kalimat Dari Hati,5,positif,
,Anto 24,5,positif,
,Ici Widiarti,5,positif,
,Nabilah Qatrunnada,5,positif,
,Kokorobet Kokorobet,5,positif,
,Waty Purnawaty,5,positif,
,Aulia Januarti,5,positif,
,Saiful Anwar,5,positif,
,Mochammad Zainularifin,5,positif,
,Sella Sella,5,positif,
,Lisna 04,5,positif,
,Adhi Widi,5,positif,
,Niko Tirta Prayuata,5,positif,
,Adi Permana,5,positif,
,Boba Tea,5,positif,
,Bobba milk,5,positif,
,Linda Wahyudi,5,positif,
,RID CHANEL,5,positif,
,Edi Indryono,5,positif,
,Sri Handayani,5,positif,
,Rully Seniawan,5,positif,
,Tetet Rukanah,5,positif,
,Nin A,5,positif,
,༆ᷟ⃝DєᷢνꙴιᷘL࿐ 88,5,positif,
,Marsalinus Anang,5,positif,
,Juwita Arhan channel,5,positif,
,Pawon Ndeso87,5,positif,
,agus priyadi,5,positif,
,Putri Sulastri,5,positif,
,Iwan Oncho,5,positif,
,Mus Tafa,5,positif,
,siti asiah,5,positif,
,Kurniadi,5,positif,
,Maya Amay,5,positif,
,Taju Tajuddin,5,positif,
,Fitri Ali,5,positif,
,Fransiska Saja,5,positif,
,Cinthia Cancerline,5,positif,
,tegar aji nugroho,5,positif,
,manda Royal,5,positif,
,slamet wiyanto,5,positif,
,RIVALDY CAESARIO,5,positif,
,Jenikson sirajaoloan,5,positif,
,jaka gledek,5,positif,
,Sya ANnisa,5,positif,
,Sabrina Dewi,5,positif,
,Bang Yusz,5,positif,
,Budi vW,5,positif,
,jahra tunnisa,5,positif,
,Joko Tantoro,5,positif,
,bani gojek,5,positif,
,Bambang Nur,5,positif,
,Rossya Missluna,5,positif,
,Ilviatul17 Qomariah17,5,positif,
,Abahe kembar dan gian rian bersholawat,5,positif,
,Rinto Rosahri,5,positif,
,Gavriella Qatrunnada,5,positif,
,Lita Julia Hidayat,5,positif,
,Masyitoh Amsah,5,positif,
,Siti Nurhasanah,5,positif,
,Safira Afna Anggarestu,5,positif,
,Hengki Hengki,5,positif,
,Rahmai yani anengsih,5,positif,
,Eki Soraya,5,positif,
,Amirullah Mona,5,positif,
,SCAR SHOP ID,5,positif,
,Muhammad Bernun,5,positif,
,TYGErS GAMING,5,positif,
,Hotmaulie Malau,5,positif,
,Iwan Hermawan,5,positif,
,Laura Peolopessi,5,positif,
,Daffa Maqil,5,positif,
,Wawan Kurniawan,5,positif,
,rinto R,5,positif,
,Agustine Setiawan,5,positif,
,Elis Haryani,5,positif,
,Yuli Vibri,5,positif,
,satriya sri sedana,5,positif,
,Nadia Chrisna,5,positif,
,Shindy Pipi,5,positif,
,selvy ildan,5,positif,
,Lina Lina,5,positif,
,Yudi Setiawan,5,positif,
,Muhammad Baashil Aftar,5,positif,
,rowan Dasilva,5,positif,
,Indra Hidayat,5,positif,
,Usry Apple,5,positif,
,Sapta Prasetya,5,positif,
,Sugiarto,5,positif,
,Pengguna Google,5,positif,
,Irhas,5,positif,
,Susi Tridianti,5,positif,
,rizka yulianti,5,positif,
,Alfi Sa,5,positif,
,Cupang id 01,5,positif,
,Cicih Ayu,5,positif,
,Deny Remaja,5,positif,
,Smellida K,5,positif,
,joni limjoni,5,positif,
,Marsini Marsini,5,positif,
,Ester Yanti,5,positif,
,Byoe 898,5,positif,
,Mi Di,5,positif,
,Muspita Sari,5,positif,
,Riki Purnomo,5,positif,
,Syah Putra,5,positif,
,Zeffri Yn,5,positif,
,arba ina,5,positif,
,Indah Ramadhani koto,5,positif,
,bayu ajalah,5,positif,
,Septianus Rian,5,positif,
,Abe Angkoso,5,positif,
,Tjik Agus Syah,5,positif,
,wiwin setiyani,5,positif,
,Abar Pengembara,5,positif,
,Dai Trisna,5,positif,
,nursyahadah,5,positif,
,Riham Nurwahidah,5,positif,
,Winda Safitri,5,positif,
,Dhudutt replika,5,positif,
,aix nicomo,5,positif,
,Hadi Widiyanto,5,positif,
,Safira Rahma,5,positif,
,AbdelChannel,5,positif,
,Sujana G,5,positif,
,Aorelia Pelangi,5,positif,
,Rizal Fadilah,5,positif,
,T-Fix Gaming,5,positif,
,Andri,5,positif,
,Ridwan Wahyuono,5,positif,
,Aditya Saja,5,positif,
,Raden Lukman,5,positif,
,Rayhan Pratama,5,positif,
,Aan Julian Rizky,5,positif,
,hryvnsiiie,5,positif,
,bekti kiswanti,5,positif,
,Yeni Asriyani,5,positif,
,Fadilah Ahmad,5,positif,
,Indah Yuntinawati,5,positif,
,Salfania Salfania,5,positif,
,Tri Wulandari,5,positif,
,Komariyah Komariyah,5,positif,
,Bintang Prima Putra,5,positif,
,Nur Taufiq,5,positif,
,RatuRiana DP,5,positif,
,Irwan Ps,5,positif,
,Syawaludin Firmansyah,5,positif,
,Safira dewi,5,positif,
,Irma Novelia Ira,5,positif,
,Elviyandri Sofyan,5,positif,
,Gogin speed,5,positif,
,Bagus Kasih sanjaya,5,positif,
,Yuni Marsudi,5,positif,
,Nheng Lestari,5,positif,
,Aurel Aurel,5,positif,
,Arum Nurjanah,5,positif,
,emra Ellis,5,positif,
,rusdi yanto,5,positif,
,Asy Hari,5,positif,
,Pengguna Google,5,positif,
,Zaini Ahmad,5,positif,
,Andi Prasetiyo,5,positif,
,PRJ CHANEL,5,positif,
,Lintang Nur jati,5,positif,
,Siti Aisyah,5,positif,
,Qori Mustaqim,5,positif,
,Ara Arsyad,5,positif,
,Diar Risma,5,positif,
,Dilla Manda,5,positif,
,Zikah Cikah,5,positif,
,Lola Melinda,5,positif,
,rani mardhiani,5,positif,
,Azha Xaviera,5,positif,
,Fenti Komalasari,5,positif,
,Bella Anggitap,5,positif,
,Suleman Rinaldi,5,positif,
,Sandy Aprilia,5,positif,
,Muhammad Roihan,5,positif,
,Ahmad Darim,5,positif,
,khusnul khotimah,5,positif,
,Nadia Safitri,5,positif,
,augustika priyatno,5,positif,
,herwati budilestari,5,positif,
,Mia Rosmiati,5,positif,
,Rere Fitria,5,positif,
,Tonny Son,5,positif,
,Diva Kurnala,5,positif,
,Aini Rekyan,5,positif,
,Riozz Official,5,positif,
,mwh Saputra,5,positif,
,Agus Rianto,5,positif,
,Fitri Devi Rasyida,5,positif,
,dika faturahman,5,positif,
,Nanda Mareta,5,positif,
,Bekti Utomo,5,positif,
,Dhapul Maan,5,positif,
,Yoga Khodari,5,positif,
,Putra Rahmadani,5,positif,
,Immanuel Budiman,5,positif,
,Rudy Tanoto,5,positif,
,Monica Dwiaa,5,positif,
,Oktavian Sagala,5,positif,
,St Rachiel Faradis,5,positif,
,wim iqbal,5,positif,
,Sann Gtggg,5,positif,
,Irsyad Harits,5,positif,
,Sonia Andrela Putri,5,positif,
,fauzyaa,5,positif,
,Soeparman chicko danuatra,5,positif,
,Kiki Putri Wulandari,5,positif,
,Arif Ucing,5,positif,
,Rafli Akbar,5,positif,
,Eko Lina,5,positif,
,Aldy Kurniyawan,5,positif,
,Avatar01 Gaming,5,positif,
,Reni Yarniati,5,positif,
,bunda mameal,5,positif,
,Junio Rizuky,5,positif,
,ani masruroh,5,positif,
,Permatasary Siagian,5,positif,
,Nur Aisyah,5,positif,
,Yulia Lestari,5,positif,
,Ferry Agustinna,5,positif,
,Grefi Noselly,5,positif,
,Ris Nanto,5,positif,
,tur tiara,5,positif,
,aghna amala,5,positif,
,Venny Mardiana,5,positif,
,Saiful ahmad,5,positif,
,Martha linda,5,positif,
,Megawati Mega,5,positif,
,사랑Feni,5,positif,
,aziz radieva,5,positif,
,NASYAA 2pi2,5,positif,
,vikiMM bojes,5,positif,
,Davina Abigelsa,5,positif,
,Fajar Okta Pamungkas,5,positif,
,Rancah Sukses,5,positif,
,Heri Susanto,5,positif,
,Izaaz Muzaaky,5,positif,
,nizam alfaQih,5,positif,
,Sang Fajar,5,positif,
,Arief Rachman Hakim,5,positif,
,MaYu MaYu Fun,5,positif,
,Amira NH,5,positif,
,Kus Romanti,5,positif,
,ariady fitrah,5,positif,
,Nasofa Assagaff,5,positif,
,Emy astagina,5,positif,
,Yollaap,5,positif,
,Easy Yessy,5,positif,
,Langgatirtanugraha Nugraha,5,positif,
,Nizma Nurnida,5,positif,
,Nasywa Rachma,5,positif,
,dwi saputri,5,positif,
,Reni Friska,5,positif,
,Reza Febrian,5,positif,
,Lia Bandung,5,positif,
,GHIFFAR media,5,positif,
,suryani robby,5,positif,
,Nor Maryana,5,positif,
,herry golun,5,positif,
,Irham Dzikriawan,5,positif,
,Benoni Tarigan,5,positif,
,yanuar 27,5,positif,
,MasJhon Channel,5,positif,
,iman suparman,5,positif,
,Karina PW,5,positif,
,Argian Tea,5,positif,
,Amin Wijayanti,5,positif,
,Doyok078 Luthfiyannur,5,positif,
,Pras Kumar04,5,positif,
,Kim Agg,5,positif,
,Rosita Ramadani,5,positif,
,Fairus khaulia,5,positif,
,Dwi Skw,5,positif,
,Daniel Syam,5,positif,
,Eros Dai,5,positif,
,Gibran Janah,5,positif,
,Era Pratiwi,5,positif,
,Yan Zuka,5,positif,
,Fuad Fukaha,5,positif,
,Aang Razak,5,positif,
,Jane HAN 18,5,positif,
,poerwandani setyowati,5,positif,
,Hesa Plg,5,positif,
,Ronny Lie,5,positif,
,Fadlynafis azhar,5,positif,
,Prabu Langit,5,positif,
,Titik Karyati,5,positif,
,Eni Yulensi,5,positif,
,Prass17,5,positif,
,golf junior,5,positif,
,Lutfi Lutfay Vlog,5,positif,
,Ikwan Wibowo,5,positif,
,Tyas Liana,5,positif,
,Maman Haris,5,positif,
,ahmed mustaurid,5,positif,
,septian yudi P,5,positif,
,Neneng Hani,5,positif,
,Dila Saa,5,positif,
,Link ricera,5,positif,
,Ika Tezar Fauzi,5,positif,
,Devian Nevan,5,positif,
,Beruang kutub,5,positif,
,Ariyan Saputra,5,positif,
,Hamdani Harahap,5,positif,
,Pohang Pohang,5,positif,
,Ash Shurtugal,5,positif,
,Pengguna Google,5,positif,
,Ana New,5,positif,
,Aan Aniyah,5,positif,
,Adellia Pratiwi,5,positif,
,Pasli Official,5,positif,
,Audrey Ang,5,positif,
,Diaayu Olivia,5,positif,
,Ramadani Noor,5,positif,
,arsinta putry,5,positif,
,Zainab Azzuhroh,5,positif,
,amirah naufal,5,positif,
,Meza Luna,5,positif,
,Nur Astika,5,positif,
,Tini Prihatini,5,positif,
,Rizqia Rindiani,5,positif,
,M. R. Adhwa Pahlevi,5,positif,
,Mohammad Ady setiawan,5,positif,
,Ikhsan,5,positif,
,Frisca Sitompul,5,positif,
,Risna Yanti Nyoman,5,positif,
,Meta Sabrina,5,positif,
,Syasya Nafisah,5,positif,
,Dodik Bintoro,5,positif,
,Yosi Andayani,5,positif,
,khabib burhan,5,positif,
,acklisie shizuemonka,5,positif,
,Naura Marva2412,5,positif,
,januarto eko,5,positif,
,Oktavia Indriani,5,positif,
,Qiran Raisa,5,positif,
,DERMAGA Store,5,positif,
,Angga Putra,5,positif,
,Syafi' Udin,5,positif,
,Cak Yudi,5,positif,
,Susi Salsiani,5,positif,
,Anjoni Heng,5,positif,
,Balai David,5,positif,
,Rizma Marwan,5,positif,
,keyren sakinah,5,positif,
,Setiawan Padi,5,positif,
,Yana Trikasna,5,positif,
,Saida Azmya,5,positif,
,Iin dwi Suhartini,5,positif,
,Triyono Gandi,5,positif,
,Dini Sinten,5,positif,
,Agnes Monika,5,positif,
,Nanang Munarsyah,5,positif,
,Tri Handayani,5,positif,
,Wiwin Nur Fhitri Damopolii,5,positif,
,Dodik Bintoro,5,positif,
,ARNINDAH ALA,5,positif,
,Rahma Dhani Puji Utami,5,positif,
,Yuni Sapitri,5,positif,
,maria rohimah,5,positif,
,Dewi Ketut,5,positif,
,Uzumaki Naruto,5,positif,
,Agustina Haryati,5,positif,
,Prima Idola,5,positif,
,Murni Larashati Laras,5,positif,
,Kumha Aing,5,positif,
,HENGKY 136,5,positif,
,Wawan Setiawan,5,positif,
,azhar abubakar,5,positif,
,Fina Yuniar,5,positif,
,DINDA . ID,5,positif,
,Ya Elah,5,positif,
,Ezthy iswahyuni,5,positif,
,Arie Belinda,5,positif,
,Idi Wasito,5,positif,
,Elfa Agustina,5,positif,
,said agy,5,positif,
,Nur Khasanah,5,positif,
,Achmad Lyjaya,5,positif,
,Diana Rismawati,5,positif,
,Lina Febriana,5,positif,
,yenita cute,5,positif,
,blade kill gaming,5,positif,
,Abdul Rohim 77 Chanel,5,positif,
,Fee_ _Tha,5,positif,
,Silvana Silvana,5,positif,
,Mommy Yoya,5,positif,
,Nicken Anggraini,5,positif,
,Rike Dhea,5,positif,
,X-Gaming ID,5,positif,
,yayukkj susanti,5,positif,
,diamond craft 578,5,positif,
,Abdul Choliq,5,positif,
,Ahmad Efendi,5,positif,
,Martina tina,5,positif,
,rahmad riaddi,5,positif,
,Vera Silvia,5,positif,
,tyo back,5,positif,
,rizki nurmala,5,positif,
,Subhan Latief,5,positif,
,yuda apritiantoko,5,positif,
,Erny rosari Sitanggang,5,positif,
,Maulida Meli04,5,positif,
,Aqie Lufthy,5,positif,
,Susiana Wu,5,positif,
,Mama zafran,5,positif,
,Gresy Wahyu Abudi,5,positif,
,feri windarko,5,positif,
,cing ali,5,positif,
,Carmila Alatas,5,positif,
,Dicky Zulkarnaen,5,positif,
,Lisa Umami,5,positif,
,Reza Setiawan,5,positif,
,Maulana Hidayat,5,positif,
,Asrah Susanti,5,positif,
,Lawdie Lintang,5,positif,
,Wayan Dibia,5,positif,
,Marsih Maraih,5,positif,
,Mona Shintavia Situmorang,5,positif,
,child look,5,positif,
,Vina_Vira_Vita Unyuk2,5,positif,
,Wahyu Din,5,positif,
,Anizma Hadiza,5,positif,
,Iin Zul,5,positif,
,Vina Wulandari,5,positif,
,one and only exo,5,positif,
,Afit Luvye,5,positif,
,Yenita Ekasari,5,positif,
,rosalina elda palucky,5,positif,
,Choirul Immam,5,positif,
,zahrully ramadhan,5,positif,
,Catur Surya IX TKJ 1,5,positif,
,Santi Susilawati,5,positif,
,alya alya,5,positif,
,deswizar abel,5,positif,
,Ananda Putri,5,positif,
,rozi siswandi,5,positif,
,NiTHa Cah Dheso,5,positif,
,Ridwan Adjie,5,positif,
,Oviana Retnosari,5,positif,
,Ira Haryani,5,positif,
,Muhammad Syaifuddin,5,positif,
,Frengky Djara,5,positif,
,Adrian Maoelana,5,positif,
,Yeni Fitriana,5,positif,
,Agus Saman,5,positif,
,Putra Sahwandi Hasibuan,5,positif,
,Rois Pepep,5,positif,
,Arka Nabil,5,positif,
,Aep Saepudin,5,positif,
,Batik Adinda,5,positif,
,Ay Ahdan,5,positif,
,Mey Kui Yang,5,positif,
,Rifki pjm Kosong Dlapan,5,positif,
,sani oktavie,5,positif,
,Street Punk Life #KehidupanJalanan,5,positif,
,Arie Nizar Sidqi,5,positif,
,Endon Sutrisno,5,positif,
,Rachma 25,5,positif,
,Ririn Agustin,5,positif,
,dragon white,5,positif,
,Agus Tomy Sumantri,5,positif,
,Hary Awan,5,positif,
,Isnaini Dzulhaiba,5,positif,
,Icha Dewi,5,positif,
,arie ariyanto,5,positif,
,Reef pect,5,positif,
,Eri Yadi,5,positif,
,Rohan Raynaldi padang,5,positif,
,Muhammad Anwar,5,positif,
,Keyla Mas,5,positif,
,Indah Suryani,5,positif,
,Mbolang Mania,5,positif,
,Noven Susanto,5,positif,
,MUSLIMAH SUNNAH,5,positif,
,Nawa Meyde,5,positif,
,Aphraditha Zahra Arrahmi,5,positif,
,Margareth Tambunan,5,positif,
,Dewi Lampung,5,positif,
,Pengguna Google,5,positif,
,Iet,5,positif,
,Hafidz Rokhmatulloh,5,positif,
,Ferlinda Amalia,5,positif,
,Yati Maryati,5,positif,
,Sa Lisa,5,positif,
,RIDA LUBIS,5,positif,
,Chatrine Carmelin,5,positif,
,fazia 27,5,positif,
,mbring nugroho,5,positif,
,Rudi Hamonangan,5,positif,
,Rofiatul Mauliddina,5,positif,
,Fadillah Kendari9,5,positif,
,Bernard Sugiarto,5,positif,
,Teguh Purwanto,5,positif,
,Alamsyah Ansari,5,positif,
,Wahyu Bagaskara,5,positif,
,Samuel Christopel,5,positif,
,Dee Nathwani,5,positif,
,Vita Nisa,5,positif,
,085377777845 ALI,5,positif,
,Nisano Momogie26,5,positif,
,Bima Ardiyanto Wibowo,5,positif,
,Feri Feri,5,positif,
,virgina prita23,5,positif,
,pratiwi syahar,5,positif,
,Mohammad Soleh,5,positif,
,erik irawan,5,positif,
,Setya Wardhani,5,positif,
,Hanny Kunady,5,positif,
,AyuBiggBos Muda,5,positif,
,Maya Handayani,5,positif,
,Suryamah,5,positif,
,ZIYAN 15,5,positif,
,Feni Alvin,5,positif,
,Noviandi_,5,positif,
,Jakajasmani Jasmani,5,positif,
,Rudi Anto,5,positif,
,Alfi Amalia,5,positif,
,Dom Mino,5,positif,
,husna Ayu,5,positif,
,Wahyu Wibowo,5,positif,
,Nawang Wulandari,5,positif,
,Fauzi,5,positif,
,Tika Noviyanti,5,positif,
,Mia 86,5,positif,
,Doni Putra,5,positif,
,Video Random,5,positif,
,Meryta Melawati,5,positif,
,inda lestari,5,positif,
,WILY CLOUD,5,positif,
,rani mahesa,5,positif,
,rina fy,5,positif,
,Siti Nur hofifah,5,positif,
,UTA MANALOE,5,positif,
,Eli Wijayanti,5,positif,
,Ratna Prasetyaningsih,5,positif,
,nurlita supriyanti,5,positif,
,Teh Laha,5,positif,
,Anggo Agus Utomo,5,positif,
,azril pradita,5,positif,
,Andriansyah,5,positif,
,Aulia Aulia,5,positif,
,Kun Hastuti,5,positif,
,shien 1967,5,positif,
,Eko Hari Soebagyo,5,positif,
,Murmin Murmin,5,positif,
,Vinsa,5,positif,
,tia sukowati,5,positif,
,Fickri Fickri,5,positif,
,Reski Qodri,5,positif,
,Apriliani Aku,5,positif,
,Sakia Exol,5,positif,
,luluk aulia,5,positif,
,sesilia lomena,5,positif,
,widyanti hartatik,5,positif,
,Diahms,5,positif,
,sinta anggraini 0fficel,5,positif,
,Almu Billah,5,positif,
,roti kering,5,positif,
,IKHSAN CHANNEL,5,positif,
,David Sopacua,5,positif,
,Indra Wijaya,5,positif,
,Putri Indah yuwan,5,positif,
,Cak Ipin,5,positif,
,Umi Fadlilah,5,positif,
,Danydany Dany,5,positif,
,herwin hidayat,5,positif,
,Ahmad Yulianto,5,positif,
,Rahma Wati,5,positif,
,Agus Mansyah,5,positif,
,Pcc Ipah,5,positif,
,Lina Abriyanti,5,positif,
,Tblpratiwi Channel,5,positif,
,XREMIS Mobile legends,5,positif,
,Dwi Yulianto,5,positif,
,Marreno Putra Fajar,5,positif,
,Gadis Dumay,5,positif,
,adhel hendra,5,positif,
,Risma Rahayu,5,positif,
,yance isnawati,5,positif,
,Haziyah Diandra,5,positif,
,Jen Putiray,5,positif,
,Fauziyah Wandari,5,positif,
,Riescha Putri,5,positif,
,Reski Amelia,5,positif,
,Danang Saloga,5,positif,
,Alika Andrea,5,positif,
,ツAngelll cangtip,5,positif,
,Kedai Movie,5,positif,
,Alif Fiana,5,positif,
,Nur Adhan,5,positif,
,Bayu maliki,5,positif,
,AHMAD NASRUL HAQ,5,positif,
,har yanto,5,positif,
,Nawa-chan笑い,5,positif,
,Liyani Sutomo,5,positif,
,Nur Kholifah,5,positif,
,Hanifah Hazizah,5,positif,
,KuSut Chanel,5,positif,
,Dias _sya11,5,positif,
,Puput Mbeb,5,positif,
,Herawati Puji Lestari,5,positif,
,Djahari Musa,5,positif,
,Helti Haningsih,5,positif,
,Fitria Nur,5,positif,
,Fikri Si,5,positif,
,nico daryanto,5,positif,
,Heni Helia,5,positif,
,Suci Rahmawati,5,positif,
,Selen_White Wolfie UwU,5,positif,
,Nayla Putri,5,positif,
,Achyar Ponti,5,positif,
,Bton Milanisti,5,positif,
,Putri Wilujeng,5,positif,
,Indah Kasim,5,positif,
,Erik Heriyanto,5,positif,
,umar bakri Suroboyo,5,positif,
,Mick Doohan,5,positif,
,A-Muhammad Khafid Maulidin 023,5,positif,
,Ajeng Kanaya,5,positif,
,willy muammar,5,positif,
,Christina Sepang,5,positif,
,Ezio Sadewo,5,positif,
,Aida Aida,5,positif,
,janika janika,5,positif,
,Toni Setiono,5,positif,
,ivanacarissa putri,5,positif,
,Dwi Astuti Ningsih,5,positif,
,Fitria Anggraeni,5,positif,
,Nova Delvia,5,positif,
,Rani Baik,5,positif,
,Agung Pamungkas Channel,5,positif,
,Novan CN,5,positif,
,Nungki Andarini,5,positif,
,Benyamin Tjiwantara,5,positif,
,Prabowo Hendrawan,5,positif,
,Zolopoex Style,5,positif,
,Hadi Prabowo,5,positif,
,Agus Mustopo,5,positif,
,Hersi Aditya,5,positif,
,Nuha nuha,5,positif,
,Novi Nurkhaeni,5,positif,
,Arif Rahman,5,positif,
,Jack Black23,5,positif,
,Elli Cahyani,5,positif,
,Riki Miswar,5,positif,
,Mibakso Wonosarigk,5,positif,
,tety rusmayanti,5,positif,
,Zainuddin Udin,5,positif,
,CONQUEROR GAMING,5,positif,
,Arje 415,5,positif,
,erna bunyamin,5,positif,
,Arno Pines,5,positif,
,Luqmanhakim Ngb,5,positif,
,Dede Yusuf,5,positif,
,Tri Samiarti,5,positif,
,Uswatun Hasanah,5,positif,
,Tabung gambar,5,positif,
,Peti Oktaviazu,5,positif,
,Dedi Irawan,5,positif,
,ElvisIndonesia,5,positif,
,Dadan Fariz,5,positif,
,ahmad syatibi,5,positif,
,Amelia Galaxy,5,positif,
,Ratatina2286 Waruwu,5,positif,
,Rizal RiyansyahL,5,positif,
,Anandha Jaya H.,5,positif,
,Nurintan Pratiwi,5,positif,
,Siti Nur Aini Aini,5,positif,
,Al-Ghifary Uber,5,positif,
,fahrul arrazy,5,positif,
,Andre Satria,5,positif,
,Tika chanel Tika hamidah,5,positif,
,Roslhinda A A,5,positif,
,Teknisi Otodidak,5,positif,
,Jsparfumku. Store,5,positif,
,ananda barkatiah,5,positif,
,Febri Yasmin,5,positif,
,Ayu Rahayu,5,positif,
,Intan Lestari,5,positif,
,Tereshkova Koraag,5,positif,
,Heli Any,5,positif,
,Nurhamidah Nasty,5,positif,
,Farida Wish,5,positif,
,Asyifa Lsm,5,positif,
,Ulfa Salsabilla,5,positif,
,YENNI Signature777,5,positif,
,Phiau Then,5,positif,
,nur insani,5,positif,
,Lukman Hakim,5,positif,
,leny lismawati,5,positif,
,Sudi -,5,positif,
,Zhane Dukas,5,positif,
,Rani Suherman,5,positif,
,Asep Gunawan dcok,5,positif,
,thania aphasa,5,positif,
,Kang Film,5,positif,
,Hanifah Nurfadila,5,positif,
,TML-The MAOCHILL Lesileop,5,positif,
,Uluwan Haryati,5,positif,
,Yoriz,5,positif,
,Zainuddin Alabio,5,positif,
,Desy. K SDN Gedong 05,5,positif,
,nenny hastuti,5,positif,
,Idi Haidir,5,positif,
,Ziza Mailana,5,positif,
,Abang adi irawan Chu ady,5,positif,
,Niken Alkhalivy,5,positif,
,Dedi jecksen mboeik,5,positif,
,Hermann Kamasean,5,positif,
,agung wahyudi,5,positif,
,Neng Devi Siswati,5,positif,
,Dwi Arifin,5,positif,
,Rafif Maulana,5,positif,
,Habib Rizqon,5,positif,
,Ivo Fitriancanitry,5,positif,
,abi syah abi,5,positif,
,W Noviantty7,5,positif,
,guruh hardiyanto,5,positif,
,Retno yeni Susanti,5,positif,
,Pikiyah Piki,5,positif,
,iyulia yulia,5,positif,
,Octavia Arhina,5,positif,
,Hasael nitty,5,positif,
,THE LITTLE CHEF,5,positif,
,Ryan Ghipo,5,positif,
,Dede Rahmawati,5,positif,
,Meity Ummiyah Leung,5,positif,
,Erwin Laduni,5,positif,
,Naila Nuur,5,positif,
,Geria Tri,5,positif,
,Pratama Home,5,positif,
,Elyas Yopiyeni,5,positif,
,farah 567,5,positif,
,Erce Naha,5,positif,
,Cipayung Ceria,5,positif,
,Hidayanti Iaday,5,positif,
,Ahmad Musyaffa,5,positif,
,ris maya,5,positif,
,Denji Sukma Hermayani Nurman,5,positif,
,NAZWA kanaya,5,positif,
,Panitia Firna Fisika,5,positif,
,Geprek_ Nenek,5,positif,
,Kar Yudi,5,positif,
,david nugroho,5,positif,
,Winda Junita,5,positif,
,ummu haidar,5,positif,
,asmi yati,5,positif,
,Fatimah Mahfudz,5,positif,
,Nur Zamilla,5,positif,
,purba channel,5,positif,
,MULIK POP,5,positif,
,Joko Prasetyo,5,positif,
,Hendi Alfiandi,5,positif,
,Hasan Arfan,5,positif,
,maria tina,5,positif,
,Azkiya Twins,5,positif,
,Megie Chan,5,positif,
,Ida Ayu,5,positif,
,Tian setiana,5,positif,
,iskandar Burhan,5,positif,
,Dewi Indrawati Arafat,5,positif,
,fradina novita,5,positif,
,Im am,5,positif,
,IRWANDI UZUMAKI,5,positif,
,Mayla AZ,5,positif,
,Wahyudin Yogie Sofwan,5,positif,
,ika septia,5,positif,
,REZKY ARYO MAULANA,5,positif,
,Izza Naila13,5,positif,
,Davina Alivia,5,positif,
,Bella Chintya,5,positif,
,Sarah Yelta,5,positif,
,Arif Kun,5,positif,
,Rahmat Bahtiar,5,positif,
,INA ANDRIANI,5,positif,
,Safaat Rohman,5,positif,
,Taufiq Aljabar,5,positif,
,Wigianto Ae,5,positif,
,Indah Waluya,5,positif,
,Dita Helina,5,positif,
,Naiessy Ariskha,5,positif,
,Yu Suf,5,positif,
,Aji Syafaaf,5,positif,
,Risnawaty Risna,5,positif,
,Moel Fikahar,5,positif,
,Hendra Saputra,5,positif,
,Nurlela Kumalasari,5,positif,
,Lindi Siswoyo,5,positif,
,Nor Halimah,5,positif,
,Aisyah Icha,5,positif,
,Muhamad A. Azis,5,positif,
,Selo Strong,5,positif,
,Lisda Hanum,5,positif,
,xo xo,5,positif,
,Indri Wahjuni,5,positif,
,martinic 17,5,positif,
,Dera Widie,5,positif,
,Peter Moelijono,5,positif,
,Bunga Pradhita,5,positif,
,Rizky Channel,5,positif,
,Nur Hidayat,5,positif,
,Nadiya Ramadhani X IPS 2,5,positif,
,Anto Andrian,5,positif,
,Mey Linda,5,positif,
,Usna Usna,5,positif,
,Squidwot Aleale,5,positif,
,Muhammad Arsyad as syabri,5,positif,
,Afriandi Creative Channel,5,positif,
,Andira Bltg,5,positif,
,Sugi Anto,5,positif,
,Kres makahontong,5,positif,
,Tugiyanti Yuliady,5,positif,
,Wily Fadlyansyah,5,positif,
,Niya Husniyati,5,positif,
,Rizqi Rahmayani,5,positif,
,Igusti putu Sukarmayana,5,positif,
,Dwi Arisnanto,5,positif,
,Nurul Nyit2,5,positif,
,Stefani Nyeringun,5,positif,
,KiBnA ManCinG,5,positif,
,Aefni Mustafiah,5,positif,
,Bakri Kahar,5,positif,
,Evy Mahreina s,5,positif,
,Muze Poskopi,5,positif,
,imu imuyati,5,positif,
,AIMARAMBOI ISHAK NENEPAT,5,positif,
,Ray Luffyy,5,positif,
,Nindy Evan,5,positif,
,Gempa Tatang,5,positif,
,Kastina Yatno,5,positif,
,Izzuhu Zabdan,5,positif,
,Bella dini Mezaluna,5,positif,
,Jumadi Exlusip,5,positif,
,Rizky afira nur zalfa,5,positif,
,Yan.GaminG .01,5,positif,
,Muhammad Rizki,5,positif,
,Lisa Yellow,5,positif,
,Dewi Kusnawati,5,positif,
,Deny Prasetyo,5,positif,
,Shion alexant,5,positif,
,Fathia Aqila,5,positif,
,Hanafi Hanafi,5,positif,
,Ria Ceria,5,positif,
,Sarastiya Octaviani,5,positif,
,monita dr,5,positif,
,Ismi Rahmawati,5,positif,
,Nihayatus Sabna,5,positif,
,Jibran Arya Kusuma,5,positif,
,Alya Azizah,5,positif,
,Rasyad Jibril Zhafran Faizah,5,positif,
,Maya Safira Hz,5,positif,
,Rizky Bin sunaryo,5,positif,
,Intan Intan,5,positif,
,Iwan Visco,5,positif,
,Nur Rella Muthia,5,positif,
,Udik Purwanto,5,positif,
,Aurora 03,5,positif,
,Bae Irene,5,positif,
,Salma Azizah,5,positif,
,Anita Lia,5,positif,
,Miftahul Jannati,5,positif,
,Juni Adelia,5,positif,
,Maulina R,5,positif,
,Jon 9988,5,positif,
,Khalif Ardhiansyah,5,positif,
,YUDHA GAMING YT,5,positif,
,trienita chitrawardani,5,positif,
,Sadad Pratama,5,positif,
,mega oktaviani,5,positif,
,Yanti Dae panie,5,positif,
,muhammad ridha,5,positif,
,Nofa Tri Arlinda,5,positif,
,Aida Rahayu,5,positif,
,Jeffri Squarepants,5,positif,
,jajad w wahyudi,5,positif,
,Silvia Yansen,5,positif,
,Sarjono 123,5,positif,
,Wijaya wati,5,positif,
,david santuy aja,5,positif,
,mohamad mauludin,5,positif,
,Hitam putih,5,positif,
,Iwan Ridwan,5,positif,
,DYNA ROSTED,5,positif,
,Edo Marsz,5,positif,
,Ardi fadil,5,positif,
,Hendri Billyanto,5,positif,
,Akhmad Rosikin,5,positif,
,M.Ridhwan,5,positif,
,Sutana Ipunk,5,positif,
,Sulaiha Lpg,5,positif,
,Rosari Anastasya,5,positif,
,Neny Rusli,5,positif,
,Chika Tambunan,5,positif,
,Lief Lim,5,positif,
,nur arafah,5,positif,
,Nasrul Rul,5,positif,
,Haji Sappe,5,positif,
,Cinta Kusuma Dewi,5,positif,
,Gita Navratiana,5,positif,
,Widya Wite079,5,positif,
,Siti Salwa,5,positif,
,Rosi Septa Aryani,5,positif,
,Aisya Putri Ramadhani,5,positif,
,Sausan Rn,5,positif,
,Agus Firman,5,positif,
,Nico Lumowa,5,positif,
,nahrin sahban toila,5,positif,
,7 DIMAS PRASETYO,5,positif,
,Bear Family House From Indonesia,5,positif,
,dani bonzu,5,positif,
,Gilang Novaldi,5,positif,
,Ratna Sari,5,positif,
,Putu Sulasmi Ningsih,5,positif,
,adin manshurin,5,positif,
,Siti Sarinah,5,positif,
,dewi sinta,5,positif,
,Niken Wulandari,5,positif,
,Faris ahmad,5,positif,
,Baim Ibrahim,5,positif,
,Carlos Kanggara,5,positif,
,Kuat Tadi Sutomo,5,positif,
,Eko gaming,5,positif,
,Yuniar AN,5,positif,
,Siti Fatimah,5,positif,
,Toples Rengginang,5,positif,
,Abdullah ibrahim,5,positif,
,Mira sinaga Putri sinaga,5,positif,
,Lukas Gunawan RO SE,5,positif,
,Mr. Ally,5,positif,
,Den Rewas lorX,5,positif,
,troy cah sitanggal,5,positif,
,Romi Pratama,5,positif,
,Retno Aisyiah,5,positif,
,Bella Ghim,5,positif,
,EY Official,5,positif,
,Maura official,5,positif,
,29_Sonya Nur Fadilah,5,positif,
,wildan Syakir Maula,5,positif,
,Astuti yawaty,5,positif,
,Ferdyansyah Ferdy,5,positif,
,vero amore,5,positif,
,Aldi Tanjuang,5,positif,
,fira ghaca Chanel,5,positif,
,Astri Seraponima,5,positif,
,Abudy Abdullah,5,positif,
,Devika kalyani,5,positif,
,Desi Puji Lestari Desi Puji Lestari,5,positif,
,Wahyu Kurnia Rahman,5,positif,
,Yazid Muhammad,5,positif,
,Andi Wyna,5,positif,
,Aceng Pees,5,positif,
,Aan Laxmana Putra,5,positif,
,Andres Yasir,5,positif,
,Ezar Favian Rahmadani,5,positif,
,Eva Ainy28,5,positif,
,Erny ifratiwi,5,positif,
,Dhevia Nintha,5,positif,
,Firman Taylor,5,positif,
,Maya Ismi,5,positif,
,Jupri Riswanto,5,positif,
,Yulia Putry,5,positif,
,risa nurmetia,5,positif,
,Mimimoy Channel,5,positif,
,Mr One EYE,5,positif,
,minato edtzz,5,positif,
,hamzah zah,5,positif,
,STELAZIA FAM,5,positif,
,Ghis Na,5,positif,
,Damai Yanti,5,positif,
,Agoes Pramono,5,positif,
,Suprapti Suprapti,5,positif,
,Maharani ardina Rasti,5,positif,
,Pengguna Google,5,positif,
,Acep Muhamad,5,positif,
,Vera Grees,5,positif,
,ellena setiyani,5,positif,
,Messengerizm,5,positif,
,muharrir ali yafie,5,positif,
,Riri andriyani,5,positif,
,Agus Sunaryo,5,positif,
,iskandar,5,positif,
,King • KingYdnak_,5,positif,
,Ika Christian,5,positif,
,Meliana Purnama,5,positif,
,Indra Prasetya,5,positif,
,Shakeela Jasmine,5,positif,
,Andri ansyah,5,positif,
,Nailul Marom,5,positif,
,Jaka 1601,5,positif,
,Ahmadi Adi,5,positif,
,Desli Zendrato,5,positif,
,samsung A20,5,positif,
,Wika Wijaya,5,positif,
,nasyida ahmad,5,positif,
,noor ainah,5,positif,
,Sandhya._ gacha,5,positif,
,Lolly Regina,5,positif,
,Mas Heens,5,positif,
,Doni Febriansyah,5,positif,
,Ica Anggraini Setiawan,5,positif,
,Yana Ana,5,positif,
,Nadiya Januardi,5,positif,
,Fitri Zein,5,positif,
,Yusuf gaga96,5,positif,
,Koko Boys,5,positif,
,Eteh Ndanx,5,positif,
,Punq Dati,5,positif,
,Toerino Winarso,5,positif,
,jaay khan,5,positif,
,Yoman 146,5,positif,
,Chandra Chandra obat traditional,5,positif,
,wawenk ajah,5,positif,
,Arifin Maulana,5,positif,
,GinanjarTV,5,positif,
,tha Aprianie,5,positif,
,tarie naya Jhoty,5,positif,
,Pak Dedy,5,positif,
,RaFF 83,5,positif,
,Railfans trains diamond's,5,positif,
,Yuni Yunex,5,positif,
,Ochim Jambul,5,positif,
,Dwi febriani,5,positif,
,Mochammad Pandu Agustiawan,5,positif,
,Boedy Melvina,5,positif,
,Bachtiar Rifai,5,positif,
,[Milk Cookies],5,positif,
,Aini Nayara Putri,5,positif,
,Diva Fernanda,5,positif,
,Ajengsisca Setiawati,5,positif,
,ECKO MIRE,5,positif,
,Danu Said,5,positif,
,Ahmad Syarif,5,positif,
,Pak Lurah,5,positif,
,kiyyy,5,positif,
,Driyani Mawar,5,positif,
,Titien Endin sriwahyuni,5,positif,
,Handoko Top,5,positif,
,Ranti Channel,5,positif,
,Rhido Ridwan,5,positif,
,Drisga Channel,5,positif,
,yono suyono,5,positif,
,yurizkidinda regita,5,positif,
,Natasya Aprilia,5,positif,
,Eka Watty,5,positif,
,Vienna Eka,5,positif,
,maya Mayaadi,5,positif,
,Abdullah Gymnastiar,5,positif,
,Mustaqima Inaya,5,positif,
,Smart Boy,5,positif,
,Rika Harika,5,positif,
,bos fatih,5,positif,
,arief helvan,5,positif,
,Elis tya,5,positif,
,Liez Dewi,5,positif,
,Nurul Risma Muawaliyah,5,positif,
,Muhammad Syahrul Gunawan,5,positif,
,Tri Ariansyah,5,positif,
,Raihana N,5,positif,
,deby yuliani,5,positif,
,Yusup Fhs,5,positif,
,Tiara Kanaya,5,positif,
,reyna farasha,5,positif,
,Mohammad Ridwan,5,positif,
,Info saya,5,positif,
,Deo Elviero,5,positif,
,Yohana Wanti,5,positif,
,Maria Pascalia,5,positif,
,Suci Indah Lestari,5,positif,
,Bambang Sugianto. Happy Cat.,5,positif,
,nuning sarofah,5,positif,
,Ukitsatria Satria,5,positif,
,UINK Chanel,5,positif,
,Ay Bontot,5,positif,
,Suri Basyira,5,positif,
,budi chacink,5,positif,
,Hasya Amelia,5,positif,
,Sri Rahayu Ningsih,5,positif,
,Sopy Udin,5,positif,
,Ahmad AR_,5,positif,
,Nurul Afifah,5,positif,
,farrelhafizh,5,positif,
,Monalisa Hengky,5,positif,
,Fazli Khalil,5,positif,
,Ju Hendra,5,positif,
,Nisfu Pml,5,positif,
,Putri Rani,5,positif,
,Marcell Hamdi,5,positif,
,Usman,5,positif,
,Hamba Sholehah,5,positif,
,Lathifah Ummi,5,positif,
,Ruth Situmorang,5,positif,
,Irma Afrillia,5,positif,
,Tata Sukarsa,5,positif,
,RYW's hair do salon,5,positif,
,Danar Kipu,5,positif,
,Eric Siregar,5,positif,
,bella putri,5,positif,
,Ahmadso dikin,5,positif,
,Alfan Imam Ma'ruf,5,positif,
,Reni Tia,5,positif,
,Ratu Nazwa,5,positif,
,dewi S soegeng sarjadi,5,positif,
,Merry Chrismas,5,positif,
,Jazilatul Mustaniroh,5,positif,
,Come and See,5,positif,
,Syukron Sapta Rizal,5,positif,
,priscilla hany,5,positif,
,Lihayatil Ziyadah,5,positif,
,Sumiati Sumi,5,positif,
,Is Tini,5,positif,
,YDN Chanel Go,5,positif,
,Susilowati Prawiro,5,positif,
,Azzahra Fatia,5,positif,
,z.wardah thoriq,5,positif,
,Qory Aqiilah,5,positif,
,Mudi Jaya,5,positif,
,Khen Khen,5,positif,
,Like Wijaya,5,positif,
,Ahmad Caesar,5,positif,
,Nur rahmatullah,5,positif,
,Vivi Afini,5,positif,
,Peti Lestari,5,positif,
,REFI_GAMING 50,5,positif,
,Jose D.A,5,positif,
,Maulana Achmad Rachman,5,positif,
,Aurel Danu,5,positif,
,Tony Sibarani,5,positif,
,Anthoni Herodes,5,positif,
,Bang voe,5,positif,
,D- EduTech,5,positif,
,Istiazah Usmyt,5,positif,
,Khoyrul Ikhwan,5,positif,
,Idda Leksana,5,positif,
,meilita anindita,5,positif,
,RICO CHANNEL,5,positif,
,Lusi Ekasaputri,5,positif,
,shifter kun,5,positif,
,WOLES CHANNEL,5,positif,
,Wal Ardi,5,positif,
,rajifa firdaus,5,positif,
,Santy Novitasari,5,positif,
,Anton Mber,5,positif,
,Slb Nurulikhsan,5,positif,
,Miptah Hudin,5,positif,
,Repal Erisandi,5,positif,
,Dwi agung Tristanto,5,positif,
,Nir wana,5,positif,
,Suntara Mulyani,5,positif,
,Shandy Vidy,5,positif,
,Aris Darmawan,5,positif,
,Agil Naufal Kurniawan,5,positif,
,Megawati Adilah,5,positif,
,tutik 777,5,positif,
,TW woru,5,positif,
,rizki akbari madina Kinong,5,positif,
,fibri aurelia,5,positif,
,Mahathir Miza,5,positif,
,Shanty Virta,5,positif,
,yusuf dihanto,5,positif,
,Satria Lsundry,5,positif,
,TESAU ENTERTAIMENS,5,positif,
,Amanda Safitri,5,positif,
,Anik Fitriani,5,positif,
,M Kholid,5,positif,
,PAngeran Wistara,5,positif,
,Sawati Waty,5,positif,
,Nining Supriatin,5,positif,
,Ranti Syapriani,5,positif,
,RIZKA AYU LIANJANI,5,positif,
,Eldo Motovlog Rider,5,positif,
,Andre Putra,5,positif,
,Tini,5,positif,
,Sikinn Asikin,5,positif,
,susanty anty,5,positif,
,Lina Herlina,5,positif,
,Nur Nengsih,5,positif,
,Muhammad Anwas,5,positif,
,Dina Triana,5,positif,
,Wong Sugi,5,positif,
,Anggun Devita dewi,5,positif,
,Gigin Muizull,5,positif,
,Pengguna Google,5,positif,
,RISKI PRATAMA,5,positif,
,samrotul jannah,5,positif,
,Rafaela Maria Felicia Runkat,5,positif,
,Abel Joshua,5,positif,
,Tiara Ramdiani,5,positif,
,Nlp nani Yulianti,5,positif,
,I Wayan Dika Cahyana,5,positif,
,Winanda Chandra,5,positif,
,Hendry Ticoalu,5,positif,
,yusi yusmiati,5,positif,
,Dami Dudi,5,positif,
,Echa Tianmi,5,positif,
,Dwi Rachmawati,5,positif,
,Jessica Pathrine,5,positif,
,JF channel Muhammad Jafar A,5,positif,
,Dana Achmad,5,positif,
,Ngah Iwan,5,positif,
,Anang Risdianto,5,positif,
,Bunda REALIFA,5,positif,
,Rahmat Mulyadi,5,positif,
,Itsme Nureujanna,5,positif,
,Armon Gaes,5,positif,
,Debri Tandiama,5,positif,
,Jeon Jaera,5,positif,
,Shintia Larasati,5,positif,
,soni priyanto,5,positif,
,RIMA TIA AUDINA,5,positif,
,Yudha Pahlevi,5,positif,
,Yunita Srz,5,positif,
,Nurbaeti Susanti,5,positif,
,Firman Wijaya,5,positif,
,Ahisar Eden,5,positif,
,Sungkono Handoyo,5,positif,
,Fitria Ramadhani,5,positif,
,Firmansyah Gunadi,5,positif,
,dwi aprilia,5,positif,
,Rama Ramdiani,5,positif,
,hanza doang,5,positif,
,Aisyah Azzikria,5,positif,
,Butet Pasaribu,5,positif,
,Tri Utami Oktavia,5,positif,
,Tisaa Basreng,5,positif,
,Xiaomi Redmi 6A,5,positif,
,Ameliatus Sholihah,5,positif,
,Dwipa Aulia,5,positif,
,`uci sefira,5,positif,
,Irvani Juita,5,positif,
,Pengguna Google,5,positif,
